userid,password,userType,sex,phoneNumber,loginLicense,rechargeAmount,resume,age,height,weight,chest,waist,hip,
1001,1234567,Normal,Male,13176788165,TRUE,180,I like Yoga,40,189.0,140.0,95.0,12.0,56.0,0
1002,987654321,Normal,FeMale,15601159166,false,250,"I like Running, hiking",20,164.0,95.0,85.0,8.0,35.0,0
1003,None,Normal,None,None,TRUE,0,None,0,0,0,0,0,0,0
1004,1234567,SupremeMember,Male,13176788165,TRUE,1830,I like Yoga,40,189,140,95,12,56,0
1005,987654321,Normal,FeMale,15601159166,FALSE,250,"I like Running, hiking",20,164,95,85,8,35,0
1006,None,Normal,None,None,TRUE,0,None,0,0,0,0,0,0,0
